{"data_time": 0.014827416278421879, "eta_seconds": 7009.231501217, "fast_rcnn/cls_accuracy": 0.1142578125, "fast_rcnn/false_negative": 0.09859913793103448, "fast_rcnn/fg_cls_accuracy": 0.04487179487179487, "iteration": 19, "loss_box_reg": 0.7093293964862823, "loss_cls": 2.3094611167907715, "loss_rpn_cls": 0.02357064839452505, "loss_rpn_loc": 0.021761713549494743, "lr": 1.9981e-05, "rank_data_time": 0.014827416278421879, "roi_head/num_bg_samples": 103.0, "roi_head/num_fg_samples": 25.0, "rpn/num_neg_anchors": 239.625, "rpn/num_pos_anchors": 16.375, "time": 0.46790597471408546, "total_loss": 3.122383685898967}
{"eta_seconds": 7007.544188366272, "fast_rcnn/cls_accuracy": 0.2099609375, "fast_rcnn/false_negative": 0.1837374581939799, "fast_rcnn/fg_cls_accuracy": 0.02803030303030303, "iteration": 25, "roi_head/num_bg_samples": 102.5, "roi_head/num_fg_samples": 25.5, "rpn/num_neg_anchors": 238.875, "rpn/num_pos_anchors": 17.125}
{"data_time": 0.014819592703133821, "iteration": 24, "loss_box_reg": 0.7078522145748138, "loss_cls": 2.244302988052368, "loss_rpn_cls": 0.03762036748230457, "loss_rpn_loc": 0.021761713549494743, "lr": 2.4976000000000003e-05, "rank_data_time": 0.014819592703133821, "time": 0.46794887352734804, "total_loss": 3.0616627372801304}
