{"hook_msgs": {}}
{"mode": "train", "epoch": 1, "iter": 50, "lr": 0.00198, "memory": 7004, "data_time": 0.05427, "loss_rpn_cls": 0.33661, "loss_rpn_bbox": 0.04224, "s0.loss_cls": 0.65166, "s0.acc": 86.86035, "s0.loss_bbox": 0.07386, "s1.loss_cls": 0.24515, "s1.acc": 93.93652, "s1.loss_bbox": 0.01964, "s2.loss_cls": 0.14068, "s2.acc": 85.10938, "s2.loss_bbox": 0.00264, "loss": 1.51248, "grad_norm": 9.61414, "time": 0.59668}
{"mode": "train", "epoch": 1, "iter": 100, "lr": 0.00398, "memory": 7004, "data_time": 0.00859, "loss_rpn_cls": 0.13535, "loss_rpn_bbox": 0.03936, "s0.loss_cls": 0.37335, "s0.acc": 92.57324, "s0.loss_bbox": 0.17746, "s1.loss_cls": 0.10241, "s1.acc": 96.63184, "s1.loss_bbox": 0.05464, "s2.loss_cls": 0.03021, "s2.acc": 98.29004, "s2.loss_bbox": 0.00816, "loss": 0.92093, "grad_norm": 3.4651, "time": 0.51712}
