{"hook_msgs": {}}
{"mode": "train", "epoch": 1, "iter": 50, "lr": 0.00198, "memory": 12886, "data_time": 0.06689, "loss_rpn_cls": 0.35875, "loss_rpn_bbox": 0.0328, "s0.loss_cls": 0.66544, "s0.acc": 86.90039, "s0.loss_bbox": 0.08569, "s1.loss_cls": 0.27903, "s1.acc": 87.39062, "s1.loss_bbox": 0.02442, "s2.loss_cls": 0.15641, "s2.acc": 82.18408, "s2.loss_bbox": 0.00352, "loss": 1.60606, "grad_norm": 8.24454, "time": 1.05005}
{"mode": "train", "epoch": 1, "iter": 100, "lr": 0.00398, "memory": 12886, "data_time": 0.01677, "loss_rpn_cls": 0.13175, "loss_rpn_bbox": 0.03629, "s0.loss_cls": 0.34543, "s0.acc": 92.9541, "s0.loss_bbox": 0.17011, "s1.loss_cls": 0.09322, "s1.acc": 96.94092, "s1.loss_bbox": 0.05003, "s2.loss_cls": 0.02639, "s2.acc": 98.51221, "s2.loss_bbox": 0.00663, "loss": 0.85985, "grad_norm": 2.58852, "time": 0.9766}
{"mode": "train", "epoch": 1, "iter": 150, "lr": 0.00597, "memory": 12886, "data_time": 0.01748, "loss_rpn_cls": 0.1024, "loss_rpn_bbox": 0.03391, "s0.loss_cls": 0.35204, "s0.acc": 92.18408, "s0.loss_bbox": 0.18741, "s1.loss_cls": 0.09833, "s1.acc": 96.42578, "s1.loss_bbox": 0.06131, "s2.loss_cls": 0.0281, "s2.acc": 98.33691, "s2.loss_bbox": 0.00872, "loss": 0.87223, "grad_norm": 2.21493, "time": 0.97402}
{"hook_msgs": {}}
