{"hook_msgs": {}}
{"mode": "train", "epoch": 1, "iter": 50, "lr": 0.00198, "memory": 24186, "data_time": 0.07612, "loss_rpn_cls": 0.84038, "loss_rpn_bbox": 0.3371, "s0.loss_cls": 3.46988, "s0.acc": 86.41082, "s0.loss_bbox": 0.17067, "s1.loss_cls": 1.14324, "s1.acc": 88.90968, "s1.loss_bbox": 0.03472, "s2.loss_cls": 1.17313, "s2.acc": 88.74064, "s2.loss_bbox": 0.00674, "loss": 7.17586, "grad_norm": 971.00004, "time": 1.68089}
{"mode": "train", "epoch": 1, "iter": 100, "lr": 0.00398, "memory": 24186, "data_time": 0.02053, "loss_rpn_cls": 0.13149, "loss_rpn_bbox": 0.05565, "s0.loss_cls": 0.36011, "s0.acc": 94.83674, "s0.loss_bbox": 0.12988, "s1.loss_cls": 0.11167, "s1.acc": 97.41758, "s1.loss_bbox": 0.0434, "s2.loss_cls": 0.03545, "s2.acc": 98.65531, "s2.loss_bbox": 0.00745, "loss": 0.8751, "grad_norm": 7.82137, "time": 1.54237}
{"mode": "train", "epoch": 1, "iter": 150, "lr": 0.00597, "memory": 24186, "data_time": 0.02092, "loss_rpn_cls": 0.13271, "loss_rpn_bbox": 0.06225, "s0.loss_cls": 0.40905, "s0.acc": 94.56797, "s0.loss_bbox": 0.13655, "s1.loss_cls": 0.16101, "s1.acc": 96.83004, "s1.loss_bbox": 0.04402, "s2.loss_cls": 0.06384, "s2.acc": 98.19235, "s2.loss_bbox": 0.00755, "loss": 1.01698, "grad_norm": 11.3275, "time": 1.53822}
{"mode": "train", "epoch": 1, "iter": 200, "lr": 0.00797, "memory": 24186, "data_time": 0.02107, "loss_rpn_cls": 0.12068, "loss_rpn_bbox": 0.05032, "s0.loss_cls": 0.35762, "s0.acc": 94.82178, "s0.loss_bbox": 0.1277, "s1.loss_cls": 0.12884, "s1.acc": 97.35938, "s1.loss_bbox": 0.04765, "s2.loss_cls": 0.06848, "s2.acc": 98.6958, "s2.loss_bbox": 0.00943, "loss": 0.91071, "grad_norm": 6.21565, "time": 1.5458}
{"mode": "train", "epoch": 1, "iter": 250, "lr": 0.00997, "memory": 24186, "data_time": 0.0218, "loss_rpn_cls": 0.18204, "loss_rpn_bbox": 0.0753, "s0.loss_cls": 0.54115, "s0.acc": 93.07178, "s0.loss_bbox": 0.16095, "s1.loss_cls": 0.17816, "s1.acc": 96.41357, "s1.loss_bbox": 0.05634, "s2.loss_cls": 0.0802, "s2.acc": 98.13477, "s2.loss_bbox": 0.01011, "loss": 1.28425, "grad_norm": 24.13939, "time": 1.54268}
